Date,inflation,Year
1/2/2015,1.71,2015
1/5/2015,1.64,2015
1/6/2015,1.56,2015
1/7/2015,1.57,2015
1/8/2015,1.62,2015
1/9/2015,1.62,2015
1/12/2015,1.57,2015
1/13/2015,1.54,2015
1/14/2015,1.57,2015
1/15/2015,1.58,2015
1/16/2015,1.6,2015
1/20/2015,1.59,2015
1/21/2015,1.61,2015
1/22/2015,1.61,2015
1/23/2015,1.6,2015
1/26/2015,1.61,2015
1/27/2015,1.66,2015
1/28/2015,1.61,2015
1/29/2015,1.62,2015
1/30/2015,1.65,2015
2/2/2015,1.65,2015
2/3/2015,1.7,2015
2/4/2015,1.71,2015
2/5/2015,1.7,2015
2/6/2015,1.71,2015
2/9/2015,1.71,2015
2/10/2015,1.7,2015
2/11/2015,1.68,2015
2/12/2015,1.66,2015
2/13/2015,1.68,2015
2/17/2015,1.71,2015
2/18/2015,1.71,2015
2/19/2015,1.74,2015
2/20/2015,1.75,2015
2/23/2015,1.72,2015
2/24/2015,1.72,2015
2/25/2015,1.72,2015
2/26/2015,1.79,2015
2/27/2015,1.83,2015
3/2/2015,1.83,2015
3/3/2015,1.86,2015
3/4/2015,1.87,2015
3/5/2015,1.84,2015
3/6/2015,1.83,2015
3/9/2015,1.76,2015
3/10/2015,1.73,2015
3/11/2015,1.72,2015
3/12/2015,1.71,2015
3/13/2015,1.69,2015
3/16/2015,1.65,2015
3/17/2015,1.64,2015
3/18/2015,1.7,2015
3/19/2015,1.79,2015
3/20/2015,1.76,2015
3/23/2015,1.75,2015
3/24/2015,1.77,2015
3/25/2015,1.81,2015
3/26/2015,1.8,2015
3/27/2015,1.76,2015
3/30/2015,1.73,2015
3/31/2015,1.76,2015
4/1/2015,1.8,2015
4/2/2015,1.81,2015
4/3/2015,1.83,2015
4/6/2015,1.85,2015
4/7/2015,1.85,2015
4/8/2015,1.84,2015
4/9/2015,1.84,2015
4/10/2015,1.82,2015
4/13/2015,1.8,2015
4/14/2015,1.8,2015
4/15/2015,1.84,2015
4/16/2015,1.85,2015
4/17/2015,1.89,2015
4/20/2015,1.89,2015
4/21/2015,1.86,2015
4/22/2015,1.87,2015
4/23/2015,1.89,2015
4/24/2015,1.89,2015
4/27/2015,1.91,2015
4/28/2015,1.89,2015
4/29/2015,1.92,2015
4/30/2015,1.94,2015
5/1/2015,1.94,2015
5/4/2015,1.92,2015
5/5/2015,1.94,2015
5/6/2015,1.91,2015
5/7/2015,1.88,2015
5/8/2015,1.88,2015
5/11/2015,1.88,2015
5/12/2015,1.88,2015
5/13/2015,1.86,2015
5/14/2015,1.87,2015
5/15/2015,1.83,2015
5/18/2015,1.86,2015
5/19/2015,1.85,2015
5/20/2015,1.88,2015
5/21/2015,1.84,2015
5/22/2015,1.87,2015
5/26/2015,1.82,2015
5/27/2015,1.8,2015
5/28/2015,1.8,2015
5/29/2015,1.8,2015
6/1/2015,1.8,2015
6/2/2015,1.83,2015
6/3/2015,1.83,2015
6/4/2015,1.81,2015
6/5/2015,1.86,2015
6/8/2015,1.85,2015
6/9/2015,1.86,2015
6/10/2015,1.87,2015
6/11/2015,1.83,2015
6/12/2015,1.84,2015
6/15/2015,1.85,2015
6/16/2015,1.88,2015
6/17/2015,1.9,2015
6/18/2015,1.89,2015
6/19/2015,1.86,2015
6/22/2015,1.9,2015
6/23/2015,1.92,2015
6/24/2015,1.9,2015
6/25/2015,1.91,2015
6/26/2015,1.92,2015
6/29/2015,1.87,2015
6/30/2015,1.87,2015
7/1/2015,1.89,2015
7/2/2015,1.91,2015
7/6/2015,1.87,2015
7/7/2015,1.87,2015
7/8/2015,1.83,2015
7/9/2015,1.85,2015
7/10/2015,1.87,2015
7/13/2015,1.86,2015
7/14/2015,1.85,2015
7/15/2015,1.84,2015
7/16/2015,1.84,2015
7/17/2015,1.83,2015
7/20/2015,1.82,2015
7/21/2015,1.82,2015
7/22/2015,1.8,2015
7/23/2015,1.79,2015
7/24/2015,1.76,2015
7/27/2015,1.73,2015
7/28/2015,1.75,2015
7/29/2015,1.77,2015
7/30/2015,1.77,2015
7/31/2015,1.74,2015
8/3/2015,1.7,2015
8/4/2015,1.71,2015
8/5/2015,1.7,2015
8/6/2015,1.67,2015
8/7/2015,1.66,2015
8/10/2015,1.69,2015
8/11/2015,1.66,2015
8/12/2015,1.62,2015
8/13/2015,1.62,2015
8/14/2015,1.62,2015
8/17/2015,1.58,2015
8/18/2015,1.58,2015
8/19/2015,1.57,2015
8/20/2015,1.56,2015
8/21/2015,1.53,2015
8/24/2015,1.49,2015
8/25/2015,1.53,2015
8/26/2015,1.53,2015
8/27/2015,1.58,2015
8/28/2015,1.61,2015
8/31/2015,1.63,2015
9/1/2015,1.57,2015
9/2/2015,1.56,2015
9/3/2015,1.54,2015
9/4/2015,1.51,2015
9/8/2015,1.53,2015
9/9/2015,1.56,2015
9/10/2015,1.59,2015
9/11/2015,1.59,2015
9/14/2015,1.56,2015
9/15/2015,1.56,2015
9/16/2015,1.57,2015
9/17/2015,1.58,2015
9/18/2015,1.55,2015
9/21/2015,1.54,2015
9/22/2015,1.51,2015
9/23/2015,1.52,2015
9/24/2015,1.49,2015
9/25/2015,1.46,2015
9/28/2015,1.39,2015
9/29/2015,1.39,2015
9/30/2015,1.41,2015
10/1/2015,1.46,2015
10/2/2015,1.48,2015
10/5/2015,1.51,2015
10/6/2015,1.52,2015
10/7/2015,1.55,2015
10/8/2015,1.58,2015
10/9/2015,1.54,2015
10/13/2015,1.52,2015
10/14/2015,1.49,2015
10/15/2015,1.5,2015
10/16/2015,1.48,2015
10/19/2015,1.45,2015
10/20/2015,1.48,2015
10/21/2015,1.45,2015
10/22/2015,1.47,2015
10/23/2015,1.51,2015
10/26/2015,1.48,2015
10/27/2015,1.48,2015
10/28/2015,1.47,2015
10/29/2015,1.52,2015
10/30/2015,1.53,2015
11/2/2015,1.55,2015
11/3/2015,1.58,2015
11/4/2015,1.57,2015
11/5/2015,1.55,2015
11/6/2015,1.59,2015
11/9/2015,1.6,2015
11/10/2015,1.55,2015
11/12/2015,1.54,2015
11/13/2015,1.52,2015
11/16/2015,1.51,2015
11/17/2015,1.53,2015
11/18/2015,1.56,2015
11/19/2015,1.56,2015
11/20/2015,1.6,2015
11/23/2015,1.61,2015
11/24/2015,1.62,2015
11/25/2015,1.61,2015
11/27/2015,1.6,2015
11/30/2015,1.59,2015
12/1/2015,1.57,2015
12/2/2015,1.56,2015
12/3/2015,1.61,2015
12/4/2015,1.6,2015
12/7/2015,1.56,2015
12/8/2015,1.56,2015
12/9/2015,1.53,2015
12/10/2015,1.51,2015
12/11/2015,1.46,2015
12/14/2015,1.45,2015
12/15/2015,1.48,2015
12/16/2015,1.46,2015
12/17/2015,1.47,2015
12/18/2015,1.46,2015
12/21/2015,1.45,2015
12/22/2015,1.46,2015
12/23/2015,1.51,2015
12/24/2015,1.52,2015
12/28/2015,1.5,2015
12/29/2015,1.53,2015
12/30/2015,1.54,2015
12/31/2015,1.54,2015
1/4/2016,1.55,2016
1/5/2016,1.56,2016
1/6/2016,1.53,2016
1/7/2016,1.5,2016
1/8/2016,1.48,2016
1/11/2016,1.45,2016
1/12/2016,1.43,2016
1/13/2016,1.43,2016
1/14/2016,1.43,2016
1/15/2016,1.36,2016
1/19/2016,1.38,2016
1/20/2016,1.32,2016
1/21/2016,1.28,2016
1/22/2016,1.35,2016
1/25/2016,1.34,2016
1/26/2016,1.36,2016
1/27/2016,1.4,2016
1/28/2016,1.42,2016
1/29/2016,1.41,2016
2/1/2016,1.4,2016
2/2/2016,1.36,2016
2/3/2016,1.38,2016
2/4/2016,1.36,2016
2/5/2016,1.33,2016
2/8/2016,1.23,2016
2/9/2016,1.21,2016
2/10/2016,1.21,2016
2/11/2016,1.18,2016
2/12/2016,1.25,2016
2/16/2016,1.25,2016
2/17/2016,1.28,2016
2/18/2016,1.24,2016
2/19/2016,1.26,2016
2/22/2016,1.31,2016
2/23/2016,1.32,2016
2/24/2016,1.36,2016
2/25/2016,1.39,2016
2/26/2016,1.41,2016
2/29/2016,1.42,2016
3/1/2016,1.48,2016
3/2/2016,1.51,2016
3/3/2016,1.53,2016
3/4/2016,1.51,2016
3/7/2016,1.48,2016
3/8/2016,1.46,2016
3/9/2016,1.51,2016
3/10/2016,1.48,2016
3/11/2016,1.54,2016
3/14/2016,1.52,2016
3/15/2016,1.5,2016
3/16/2016,1.58,2016
3/17/2016,1.57,2016
3/18/2016,1.61,2016
3/21/2016,1.64,2016
3/22/2016,1.63,2016
3/23/2016,1.58,2016
3/24/2016,1.57,2016
3/28/2016,1.56,2016
3/29/2016,1.61,2016
3/30/2016,1.65,2016
3/31/2016,1.62,2016
4/1/2016,1.62,2016
4/4/2016,1.64,2016
4/5/2016,1.59,2016
4/6/2016,1.59,2016
4/7/2016,1.58,2016
4/8/2016,1.58,2016
4/11/2016,1.56,2016
4/12/2016,1.57,2016
4/13/2016,1.56,2016
4/14/2016,1.56,2016
4/15/2016,1.56,2016
4/18/2016,1.57,2016
4/19/2016,1.6,2016
4/20/2016,1.62,2016
4/21/2016,1.64,2016
4/22/2016,1.64,2016
4/25/2016,1.65,2016
4/26/2016,1.67,2016
4/27/2016,1.68,2016
4/28/2016,1.72,2016
4/29/2016,1.71,2016
5/2/2016,1.68,2016
5/3/2016,1.64,2016
5/4/2016,1.63,2016
5/5/2016,1.63,2016
5/6/2016,1.61,2016
5/9/2016,1.59,2016
5/10/2016,1.62,2016
5/11/2016,1.59,2016
5/12/2016,1.6,2016
5/13/2016,1.58,2016
5/16/2016,1.6,2016
5/17/2016,1.61,2016
5/18/2016,1.61,2016
5/19/2016,1.56,2016
5/20/2016,1.56,2016
5/23/2016,1.54,2016
5/24/2016,1.55,2016
5/25/2016,1.58,2016
5/26/2016,1.58,2016
5/27/2016,1.58,2016
5/31/2016,1.54,2016
6/1/2016,1.54,2016
6/2/2016,1.54,2016
6/3/2016,1.52,2016
6/6/2016,1.54,2016
6/7/2016,1.57,2016
6/8/2016,1.59,2016
6/9/2016,1.56,2016
6/10/2016,1.52,2016
6/13/2016,1.47,2016
6/14/2016,1.45,2016
6/15/2016,1.47,2016
6/16/2016,1.42,2016
6/17/2016,1.42,2016
6/20/2016,1.43,2016
6/21/2016,1.43,2016
6/22/2016,1.44,2016
6/23/2016,1.5,2016
6/24/2016,1.42,2016
6/27/2016,1.34,2016
6/28/2016,1.37,2016
6/29/2016,1.4,2016
6/30/2016,1.4,2016
7/1/2016,1.43,2016
7/5/2016,1.4,2016
7/6/2016,1.43,2016
7/7/2016,1.43,2016
7/8/2016,1.43,2016
7/11/2016,1.42,2016
7/12/2016,1.46,2016
7/13/2016,1.45,2016
7/14/2016,1.45,2016
7/15/2016,1.49,2016
7/18/2016,1.49,2016
7/19/2016,1.44,2016
7/20/2016,1.46,2016
7/21/2016,1.52,2016
7/22/2016,1.51,2016
7/25/2016,1.5,2016
7/26/2016,1.5,2016
7/27/2016,1.49,2016
7/28/2016,1.52,2016
7/29/2016,1.49,2016
8/1/2016,1.46,2016
8/2/2016,1.44,2016
8/3/2016,1.46,2016
8/4/2016,1.47,2016
8/5/2016,1.5,2016
8/8/2016,1.51,2016
8/9/2016,1.49,2016
8/10/2016,1.44,2016
8/11/2016,1.47,2016
8/12/2016,1.44,2016
8/15/2016,1.45,2016
8/16/2016,1.44,2016
8/17/2016,1.47,2016
8/18/2016,1.47,2016
8/19/2016,1.48,2016
8/22/2016,1.47,2016
8/23/2016,1.48,2016
8/24/2016,1.48,2016
8/25/2016,1.49,2016
8/26/2016,1.47,2016
8/29/2016,1.46,2016
8/30/2016,1.46,2016
8/31/2016,1.47,2016
9/1/2016,1.45,2016
9/2/2016,1.47,2016
9/6/2016,1.49,2016
9/7/2016,1.51,2016
9/8/2016,1.52,2016
9/9/2016,1.5,2016
9/12/2016,1.51,2016
9/13/2016,1.49,2016
9/14/2016,1.49,2016
9/15/2016,1.49,2016
9/16/2016,1.51,2016
9/19/2016,1.5,2016
9/20/2016,1.49,2016
9/21/2016,1.51,2016
9/22/2016,1.55,2016
9/23/2016,1.57,2016
9/26/2016,1.54,2016
9/27/2016,1.52,2016
9/28/2016,1.56,2016
9/29/2016,1.54,2016
9/30/2016,1.6,2016
10/3/2016,1.63,2016
10/4/2016,1.62,2016
10/5/2016,1.62,2016
10/6/2016,1.64,2016
10/7/2016,1.63,2016
10/11/2016,1.64,2016
10/12/2016,1.64,2016
10/13/2016,1.63,2016
10/14/2016,1.67,2016
10/17/2016,1.68,2016
10/18/2016,1.66,2016
10/19/2016,1.68,2016
10/20/2016,1.68,2016
10/21/2016,1.67,2016
10/24/2016,1.66,2016
10/25/2016,1.7,2016
10/26/2016,1.71,2016
10/27/2016,1.72,2016
10/28/2016,1.73,2016
10/31/2016,1.73,2016
11/1/2016,1.72,2016
11/2/2016,1.7,2016
11/3/2016,1.68,2016
11/4/2016,1.68,2016
11/7/2016,1.71,2016
11/8/2016,1.73,2016
11/9/2016,1.82,2016
11/10/2016,1.88,2016
11/14/2016,1.83,2016
11/15/2016,1.82,2016
11/16/2016,1.83,2016
11/17/2016,1.87,2016
11/18/2016,1.9,2016
11/21/2016,1.91,2016
11/22/2016,1.9,2016
11/23/2016,1.92,2016
11/25/2016,1.89,2016
11/28/2016,1.85,2016
11/29/2016,1.86,2016
11/30/2016,1.94,2016
12/1/2016,1.97,2016
12/2/2016,1.91,2016
12/5/2016,1.94,2016
12/6/2016,1.95,2016
12/7/2016,1.92,2016
12/8/2016,1.95,2016
12/9/2016,1.96,2016
12/12/2016,1.98,2016
12/13/2016,1.95,2016
12/14/2016,1.94,2016
12/15/2016,1.9,2016
12/16/2016,1.86,2016
12/19/2016,1.86,2016
12/20/2016,1.9,2016
12/21/2016,1.91,2016
12/22/2016,1.95,2016
12/23/2016,1.97,2016
12/27/2016,1.99,2016
12/28/2016,1.95,2016
12/29/2016,1.94,2016
12/30/2016,1.95,2016
1/3/2017,1.98,2017
1/4/2017,1.99,2017
1/5/2017,1.95,2017
1/6/2017,1.96,2017
1/9/2017,1.95,2017
1/10/2017,1.95,2017
1/11/2017,1.99,2017
1/12/2017,1.98,2017
1/13/2017,1.99,2017
1/17/2017,1.97,2017
1/18/2017,2,2017
1/19/2017,2.04,2017
1/20/2017,2.04,2017
1/23/2017,2.02,2017
1/24/2017,2.06,2017
1/25/2017,2.08,2017
1/26/2017,2.08,2017
1/27/2017,2.08,2017
1/30/2017,2.07,2017
1/31/2017,2.05,2017
2/1/2017,2.05,2017
2/2/2017,2.05,2017
2/3/2017,2.05,2017
2/6/2017,2.02,2017
2/7/2017,2,2017
2/8/2017,1.96,2017
2/9/2017,1.99,2017
2/10/2017,2.01,2017
2/13/2017,2,2017
2/14/2017,2.01,2017
2/15/2017,2.06,2017
2/16/2017,2.02,2017
2/17/2017,2.01,2017
2/21/2017,2.03,2017
2/22/2017,2.04,2017
2/23/2017,2.03,2017
2/24/2017,2,2017
2/27/2017,2.01,2017
2/28/2017,2.02,2017
3/1/2017,2.03,2017
3/2/2017,2.01,2017
3/3/2017,2.04,2017
3/6/2017,2.01,2017
3/7/2017,2.03,2017
3/8/2017,2.01,2017
3/9/2017,2,2017
3/10/2017,2.01,2017
3/13/2017,2.01,2017
3/14/2017,1.99,2017
3/15/2017,2.01,2017
3/16/2017,2.02,2017
3/17/2017,2.01,2017
3/20/2017,2,2017
3/21/2017,1.98,2017
3/22/2017,1.97,2017
3/23/2017,1.95,2017
3/24/2017,1.98,2017
3/27/2017,1.97,2017
3/28/2017,1.97,2017
3/29/2017,1.98,2017
3/30/2017,1.96,2017
3/31/2017,1.97,2017
4/3/2017,1.96,2017
4/4/2017,1.96,2017
4/5/2017,1.97,2017
4/6/2017,1.95,2017
4/7/2017,1.94,2017
4/10/2017,1.93,2017
4/11/2017,1.91,2017
4/12/2017,1.9,2017
4/13/2017,1.92,2017
4/17/2017,1.88,2017
4/18/2017,1.85,2017
4/19/2017,1.85,2017
4/20/2017,1.85,2017
4/21/2017,1.84,2017
4/24/2017,1.87,2017
4/25/2017,1.91,2017
4/26/2017,1.9,2017
4/27/2017,1.91,2017
4/28/2017,1.92,2017
5/1/2017,1.92,2017
5/2/2017,1.88,2017
5/3/2017,1.87,2017
5/4/2017,1.86,2017
5/5/2017,1.86,2017
5/8/2017,1.86,2017
5/9/2017,1.86,2017
5/10/2017,1.85,2017
5/11/2017,1.88,2017
5/12/2017,1.84,2017
5/15/2017,1.82,2017
5/16/2017,1.82,2017
5/17/2017,1.78,2017
5/18/2017,1.8,2017
5/19/2017,1.82,2017
5/22/2017,1.82,2017
5/23/2017,1.83,2017
5/24/2017,1.81,2017
5/25/2017,1.8,2017
5/26/2017,1.81,2017
5/30/2017,1.81,2017
5/31/2017,1.81,2017
6/1/2017,1.81,2017
6/2/2017,1.79,2017
6/5/2017,1.79,2017
6/6/2017,1.77,2017
6/7/2017,1.78,2017
6/8/2017,1.78,2017
6/9/2017,1.78,2017
6/12/2017,1.75,2017
6/13/2017,1.75,2017
6/14/2017,1.71,2017
6/15/2017,1.67,2017
6/16/2017,1.67,2017
6/19/2017,1.67,2017
6/20/2017,1.66,2017
6/21/2017,1.66,2017
6/22/2017,1.69,2017
6/23/2017,1.7,2017
6/26/2017,1.71,2017
6/27/2017,1.71,2017
6/28/2017,1.73,2017
6/29/2017,1.72,2017
6/30/2017,1.73,2017
7/3/2017,1.75,2017
7/5/2017,1.75,2017
7/6/2017,1.76,2017
7/7/2017,1.73,2017
7/10/2017,1.72,2017
7/11/2017,1.75,2017
7/12/2017,1.76,2017
7/13/2017,1.77,2017
7/14/2017,1.76,2017
7/17/2017,1.77,2017
7/18/2017,1.76,2017
7/19/2017,1.76,2017
7/20/2017,1.77,2017
7/21/2017,1.76,2017
7/24/2017,1.78,2017
7/25/2017,1.81,2017
7/26/2017,1.8,2017
7/27/2017,1.83,2017
7/28/2017,1.83,2017
7/31/2017,1.82,2017
8/1/2017,1.79,2017
8/2/2017,1.79,2017
8/3/2017,1.78,2017
8/4/2017,1.8,2017
8/7/2017,1.8,2017
8/8/2017,1.83,2017
8/9/2017,1.82,2017
8/10/2017,1.8,2017
8/11/2017,1.79,2017
8/14/2017,1.77,2017
8/15/2017,1.78,2017
8/16/2017,1.78,2017
8/17/2017,1.77,2017
8/18/2017,1.76,2017
8/21/2017,1.75,2017
8/22/2017,1.77,2017
8/23/2017,1.75,2017
8/24/2017,1.75,2017
8/25/2017,1.75,2017
8/28/2017,1.75,2017
8/29/2017,1.74,2017
8/30/2017,1.76,2017
8/31/2017,1.76,2017
9/1/2017,1.79,2017
9/5/2017,1.77,2017
9/6/2017,1.78,2017
9/7/2017,1.79,2017
9/8/2017,1.81,2017
9/11/2017,1.83,2017
9/12/2017,1.84,2017
9/13/2017,1.85,2017
9/14/2017,1.85,2017
9/15/2017,1.85,2017
9/18/2017,1.87,2017
9/19/2017,1.87,2017
9/20/2017,1.85,2017
9/21/2017,1.83,2017
9/22/2017,1.84,2017
9/25/2017,1.84,2017
9/26/2017,1.84,2017
9/27/2017,1.87,2017
9/28/2017,1.87,2017
9/29/2017,1.84,2017
10/2/2017,1.83,2017
10/3/2017,1.84,2017
10/4/2017,1.85,2017
10/5/2017,1.86,2017
10/6/2017,1.87,2017
10/10/2017,1.88,2017
10/11/2017,1.89,2017
10/12/2017,1.89,2017
10/13/2017,1.85,2017
10/16/2017,1.84,2017
10/17/2017,1.82,2017
10/18/2017,1.84,2017
10/19/2017,1.84,2017
10/20/2017,1.87,2017
10/23/2017,1.86,2017
10/24/2017,1.87,2017
10/25/2017,1.88,2017
10/26/2017,1.89,2017
10/27/2017,1.88,2017
10/30/2017,1.87,2017
10/31/2017,1.88,2017
11/1/2017,1.88,2017
11/2/2017,1.87,2017
11/3/2017,1.86,2017
11/6/2017,1.86,2017
11/7/2017,1.88,2017
11/8/2017,1.87,2017
11/9/2017,1.87,2017
11/10/2017,1.88,2017
11/13/2017,1.88,2017
11/14/2017,1.87,2017
11/15/2017,1.85,2017
11/16/2017,1.84,2017
11/17/2017,1.86,2017
11/20/2017,1.85,2017
11/21/2017,1.84,2017
11/22/2017,1.84,2017
11/24/2017,1.84,2017
11/27/2017,1.83,2017
11/28/2017,1.84,2017
11/29/2017,1.84,2017
11/30/2017,1.86,2017
12/1/2017,1.86,2017
12/4/2017,1.87,2017
12/5/2017,1.86,2017
12/6/2017,1.86,2017
12/7/2017,1.87,2017
12/8/2017,1.88,2017
12/11/2017,1.88,2017
12/12/2017,1.89,2017
12/13/2017,1.88,2017
12/14/2017,1.87,2017
12/15/2017,1.88,2017
12/18/2017,1.89,2017
12/19/2017,1.91,2017
12/20/2017,1.92,2017
12/21/2017,1.93,2017
12/22/2017,1.94,2017
12/26/2017,1.94,2017
12/27/2017,1.94,2017
12/28/2017,1.96,2017
12/29/2017,1.96,2017
1/2/2018,2,2018
1/3/2018,1.98,2018
1/4/2018,2.01,2018
1/5/2018,2.01,2018
1/8/2018,2.02,2018
1/9/2018,2.03,2018
1/10/2018,2.03,2018
1/11/2018,2,2018
1/12/2018,2.01,2018
1/16/2018,2.03,2018
1/17/2018,2.04,2018
1/18/2018,2.05,2018
1/19/2018,2.06,2018
1/22/2018,2.06,2018
1/23/2018,2.06,2018
1/24/2018,2.07,2018
1/25/2018,2.07,2018
1/26/2018,2.09,2018
1/29/2018,2.09,2018
1/30/2018,2.1,2018
1/31/2018,2.11,2018
2/1/2018,2.11,2018
2/2/2018,2.14,2018
2/5/2018,2.1,2018
2/6/2018,2.1,2018
2/7/2018,2.1,2018
2/8/2018,2.09,2018
2/9/2018,2.05,2018
2/12/2018,2.07,2018
2/13/2018,2.05,2018
2/14/2018,2.09,2018
2/15/2018,2.11,2018
2/16/2018,2.09,2018
2/20/2018,2.1,2018
2/21/2018,2.12,2018
2/22/2018,2.11,2018
2/23/2018,2.12,2018
2/26/2018,2.13,2018
2/27/2018,2.13,2018
2/28/2018,2.12,2018
3/1/2018,2.1,2018
3/2/2018,2.12,2018
3/5/2018,2.13,2018
3/6/2018,2.12,2018
3/7/2018,2.13,2018
3/8/2018,2.11,2018
3/9/2018,2.12,2018
3/12/2018,2.1,2018
3/13/2018,2.09,2018
3/14/2018,2.07,2018
3/15/2018,2.08,2018
3/16/2018,2.08,2018
3/19/2018,2.08,2018
3/20/2018,2.08,2018
3/21/2018,2.09,2018
3/22/2018,2.08,2018
3/23/2018,2.07,2018
3/26/2018,2.08,2018
3/27/2018,2.07,2018
3/28/2018,2.05,2018
3/29/2018,2.05,2018
4/2/2018,2.05,2018
4/3/2018,2.08,2018
4/4/2018,2.08,2018
4/5/2018,2.08,2018
4/6/2018,2.07,2018
4/9/2018,2.07,2018
4/10/2018,2.08,2018
4/11/2018,2.11,2018
4/12/2018,2.13,2018
4/13/2018,2.13,2018
4/16/2018,2.12,2018
4/17/2018,2.14,2018
4/18/2018,2.16,2018
4/19/2018,2.17,2018
4/20/2018,2.17,2018
4/23/2018,2.18,2018
4/24/2018,2.17,2018
4/25/2018,2.17,2018
4/26/2018,2.18,2018
4/27/2018,2.17,2018
4/30/2018,2.17,2018
5/1/2018,2.16,2018
5/2/2018,2.17,2018
5/3/2018,2.16,2018
5/4/2018,2.16,2018
5/7/2018,2.17,2018
5/8/2018,2.16,2018
5/9/2018,2.18,2018
5/10/2018,2.17,2018
5/11/2018,2.15,2018
5/14/2018,2.15,2018
5/15/2018,2.18,2018
5/16/2018,2.17,2018
5/17/2018,2.16,2018
5/18/2018,2.15,2018
5/21/2018,2.16,2018
5/22/2018,2.15,2018
5/23/2018,2.14,2018
5/24/2018,2.12,2018
5/25/2018,2.09,2018
5/29/2018,2.04,2018
5/30/2018,2.06,2018
5/31/2018,2.07,2018
6/1/2018,2.09,2018
6/4/2018,2.12,2018
6/5/2018,2.13,2018
6/6/2018,2.14,2018
6/7/2018,2.13,2018
6/8/2018,2.11,2018
6/11/2018,2.13,2018
6/12/2018,2.13,2018
6/13/2018,2.12,2018
6/14/2018,2.12,2018
6/15/2018,2.12,2018
6/18/2018,2.12,2018
6/19/2018,2.12,2018
6/20/2018,2.12,2018
6/21/2018,2.11,2018
6/22/2018,2.12,2018
6/25/2018,2.1,2018
6/26/2018,2.12,2018
6/27/2018,2.11,2018
6/28/2018,2.1,2018
6/29/2018,2.11,2018
7/2/2018,2.14,2018
7/3/2018,2.12,2018
7/5/2018,2.13,2018
7/6/2018,2.12,2018
7/9/2018,2.13,2018
7/10/2018,2.13,2018
7/11/2018,2.11,2018
7/12/2018,2.1,2018
7/13/2018,2.11,2018
7/16/2018,2.1,2018
7/17/2018,2.09,2018
7/18/2018,2.09,2018
7/19/2018,2.09,2018
7/20/2018,2.11,2018
7/23/2018,2.11,2018
7/24/2018,2.11,2018
7/25/2018,2.13,2018
7/26/2018,2.11,2018
7/27/2018,2.12,2018
7/30/2018,2.13,2018
7/31/2018,2.12,2018
8/1/2018,2.13,2018
8/2/2018,2.12,2018
8/3/2018,2.12,2018
8/6/2018,2.11,2018
8/7/2018,2.13,2018
8/8/2018,2.11,2018
8/9/2018,2.11,2018
8/10/2018,2.09,2018
8/13/2018,2.1,2018
8/14/2018,2.09,2018
8/15/2018,2.08,2018
8/16/2018,2.08,2018
8/17/2018,2.08,2018
8/20/2018,2.07,2018
8/21/2018,2.08,2018
8/22/2018,2.08,2018
8/23/2018,2.09,2018
8/24/2018,2.09,2018
8/27/2018,2.11,2018
8/28/2018,2.11,2018
8/29/2018,2.12,2018
8/30/2018,2.1,2018
8/31/2018,2.08,2018
9/4/2018,2.1,2018
9/5/2018,2.09,2018
9/6/2018,2.08,2018
9/7/2018,2.1,2018
9/10/2018,2.1,2018
9/11/2018,2.12,2018
9/12/2018,2.12,2018
9/13/2018,2.1,2018
9/14/2018,2.1,2018
9/17/2018,2.1,2018
9/18/2018,2.13,2018
9/19/2018,2.15,2018
9/20/2018,2.15,2018
9/21/2018,2.15,2018
9/24/2018,2.16,2018
9/25/2018,2.16,2018
9/26/2018,2.14,2018
9/27/2018,2.15,2018
9/28/2018,2.14,2018
10/1/2018,2.14,2018
10/2/2018,2.12,2018
10/3/2018,2.16,2018
10/4/2018,2.16,2018
10/5/2018,2.16,2018
10/9/2018,2.17,2018
10/10/2018,2.16,2018
10/11/2018,2.12,2018
10/12/2018,2.12,2018
10/15/2018,2.13,2018
10/16/2018,2.13,2018
10/17/2018,2.13,2018
10/18/2018,2.1,2018
10/19/2018,2.11,2018
10/22/2018,2.11,2018
10/23/2018,2.09,2018
10/24/2018,2.07,2018
10/25/2018,2.05,2018
10/26/2018,2.06,2018
10/29/2018,2.06,2018
10/30/2018,2.05,2018
10/31/2018,2.05,2018
11/1/2018,2.02,2018
11/2/2018,2.06,2018
11/5/2018,2.06,2018
11/6/2018,2.07,2018
11/7/2018,2.07,2018
11/8/2018,2.07,2018
11/9/2018,2.04,2018
11/13/2018,2.02,2018
11/14/2018,2,2018
11/15/2018,2,2018
11/16/2018,2.02,2018
11/19/2018,1.99,2018
11/20/2018,1.97,2018
11/21/2018,1.97,2018
11/23/2018,1.96,2018
11/26/2018,1.96,2018
11/27/2018,1.91,2018
11/28/2018,1.94,2018
11/29/2018,1.98,2018
11/30/2018,1.97,2018
12/3/2018,1.96,2018
12/4/2018,1.94,2018
12/6/2018,1.9,2018
12/7/2018,1.89,2018
12/10/2018,1.86,2018
12/11/2018,1.83,2018
12/12/2018,1.83,2018
12/13/2018,1.83,2018
12/14/2018,1.82,2018
12/17/2018,1.81,2018
12/18/2018,1.81,2018
12/19/2018,1.8,2018
12/20/2018,1.76,2018
12/21/2018,1.77,2018
12/24/2018,1.75,2018
12/26/2018,1.77,2018
12/27/2018,1.74,2018
12/28/2018,1.73,2018
12/31/2018,1.71,2018
1/2/2019,1.7,2019
1/3/2019,1.68,2019
1/4/2019,1.76,2019
1/7/2019,1.78,2019
1/8/2019,1.82,2019
1/9/2019,1.83,2019
1/10/2019,1.81,2019
1/11/2019,1.83,2019
1/14/2019,1.81,2019
1/15/2019,1.81,2019
1/16/2019,1.82,2019
1/17/2019,1.79,2019
1/18/2019,1.83,2019
1/22/2019,1.79,2019
1/23/2019,1.8,2019
1/24/2019,1.77,2019
1/25/2019,1.79,2019
1/28/2019,1.78,2019
1/29/2019,1.78,2019
1/30/2019,1.84,2019
1/31/2019,1.85,2019
2/1/2019,1.88,2019
2/4/2019,1.87,2019
2/5/2019,1.87,2019
2/6/2019,1.86,2019
2/7/2019,1.84,2019
2/8/2019,1.82,2019
2/11/2019,1.82,2019
2/12/2019,1.83,2019
2/13/2019,1.86,2019
2/14/2019,1.85,2019
2/15/2019,1.86,2019
2/19/2019,1.87,2019
2/20/2019,1.89,2019
2/21/2019,1.91,2019
2/22/2019,1.91,2019
2/25/2019,1.92,2019
2/26/2019,1.92,2019
2/27/2019,1.93,2019
2/28/2019,1.95,2019
3/1/2019,1.96,2019
3/4/2019,1.94,2019
3/5/2019,1.93,2019
3/6/2019,1.91,2019
3/7/2019,1.9,2019
3/8/2019,1.9,2019
3/11/2019,1.91,2019
3/12/2019,1.9,2019
3/13/2019,1.92,2019
3/14/2019,1.94,2019
3/15/2019,1.94,2019
3/18/2019,1.96,2019
3/19/2019,1.95,2019
3/20/2019,1.96,2019
3/21/2019,1.96,2019
3/22/2019,1.9,2019
3/25/2019,1.88,2019
3/26/2019,1.86,2019
3/27/2019,1.84,2019
3/28/2019,1.83,2019
3/29/2019,1.88,2019
4/1/2019,1.9,2019
4/2/2019,1.9,2019
4/3/2019,1.91,2019
4/4/2019,1.9,2019
4/5/2019,1.9,2019
4/8/2019,1.91,2019
4/9/2019,1.91,2019
4/10/2019,1.94,2019
4/11/2019,1.94,2019
4/12/2019,1.95,2019
4/15/2019,1.94,2019
4/16/2019,1.96,2019
4/17/2019,1.94,2019
4/18/2019,1.95,2019
4/22/2019,1.95,2019
4/23/2019,1.95,2019
4/24/2019,1.96,2019
4/25/2019,1.98,2019
4/26/2019,1.97,2019
4/29/2019,1.96,2019
4/30/2019,1.95,2019
5/1/2019,1.93,2019
5/2/2019,1.89,2019
5/3/2019,1.91,2019
5/6/2019,1.91,2019
5/7/2019,1.87,2019
5/8/2019,1.87,2019
5/9/2019,1.85,2019
5/10/2019,1.88,2019
5/13/2019,1.85,2019
5/14/2019,1.86,2019
5/15/2019,1.83,2019
5/16/2019,1.84,2019
5/17/2019,1.81,2019
5/20/2019,1.81,2019
5/21/2019,1.83,2019
5/22/2019,1.79,2019
5/23/2019,1.73,2019
5/24/2019,1.76,2019
5/28/2019,1.73,2019
5/29/2019,1.75,2019
5/30/2019,1.74,2019
5/31/2019,1.74,2019
6/3/2019,1.73,2019
6/4/2019,1.74,2019
6/5/2019,1.75,2019
6/6/2019,1.73,2019
6/7/2019,1.74,2019
6/10/2019,1.73,2019
6/11/2019,1.72,2019
6/12/2019,1.71,2019
6/13/2019,1.68,2019
6/14/2019,1.63,2019
6/17/2019,1.61,2019
6/18/2019,1.64,2019
6/19/2019,1.67,2019
6/20/2019,1.74,2019
6/21/2019,1.73,2019
6/24/2019,1.71,2019
6/25/2019,1.67,2019
6/26/2019,1.7,2019
6/27/2019,1.68,2019
6/28/2019,1.69,2019
7/1/2019,1.69,2019
7/2/2019,1.65,2019
7/3/2019,1.65,2019
7/5/2019,1.69,2019
7/8/2019,1.7,2019
7/9/2019,1.71,2019
7/10/2019,1.74,2019
7/11/2019,1.77,2019
7/12/2019,1.77,2019
7/15/2019,1.77,2019
7/16/2019,1.8,2019
7/17/2019,1.75,2019
7/18/2019,1.79,2019
7/19/2019,1.8,2019
7/22/2019,1.79,2019
7/23/2019,1.81,2019
7/24/2019,1.79,2019
7/25/2019,1.8,2019
7/26/2019,1.78,2019
7/29/2019,1.77,2019
7/30/2019,1.78,2019
7/31/2019,1.76,2019
8/1/2019,1.7,2019
8/2/2019,1.66,2019
8/5/2019,1.6,2019
8/6/2019,1.62,2019
8/7/2019,1.62,2019
8/8/2019,1.65,2019
8/9/2019,1.66,2019
8/12/2019,1.61,2019
8/13/2019,1.63,2019
8/14/2019,1.57,2019
8/15/2019,1.54,2019
8/16/2019,1.54,2019
8/19/2019,1.56,2019
8/20/2019,1.53,2019
8/21/2019,1.54,2019
8/22/2019,1.55,2019
8/23/2019,1.54,2019
8/26/2019,1.54,2019
8/27/2019,1.55,2019
8/28/2019,1.55,2019
8/29/2019,1.59,2019
8/30/2019,1.55,2019
9/3/2019,1.5,2019
9/4/2019,1.51,2019
9/5/2019,1.56,2019
9/6/2019,1.54,2019
9/9/2019,1.57,2019
9/10/2019,1.6,2019
9/11/2019,1.6,2019
9/12/2019,1.63,2019
9/13/2019,1.67,2019
9/16/2019,1.67,2019
9/17/2019,1.66,2019
9/18/2019,1.59,2019
9/19/2019,1.61,2019
9/20/2019,1.61,2019
9/23/2019,1.61,2019
9/24/2019,1.58,2019
9/25/2019,1.6,2019
9/26/2019,1.57,2019
9/27/2019,1.53,2019
9/30/2019,1.53,2019
10/1/2019,1.52,2019
10/2/2019,1.5,2019
10/3/2019,1.48,2019
10/4/2019,1.5,2019
10/7/2019,1.51,2019
10/8/2019,1.48,2019
10/9/2019,1.49,2019
10/10/2019,1.52,2019
10/11/2019,1.56,2019
10/15/2019,1.56,2019
10/16/2019,1.57,2019
10/17/2019,1.59,2019
10/18/2019,1.6,2019
10/21/2019,1.61,2019
10/22/2019,1.61,2019
10/23/2019,1.61,2019
10/24/2019,1.62,2019
10/25/2019,1.65,2019
10/28/2019,1.64,2019
10/29/2019,1.61,2019
10/30/2019,1.57,2019
10/31/2019,1.54,2019
11/1/2019,1.59,2019
11/4/2019,1.64,2019
11/5/2019,1.68,2019
11/6/2019,1.66,2019
11/7/2019,1.69,2019
11/8/2019,1.71,2019
11/12/2019,1.7,2019
11/13/2019,1.66,2019
11/14/2019,1.62,2019
11/15/2019,1.63,2019
11/18/2019,1.63,2019
11/19/2019,1.63,2019
11/20/2019,1.6,2019
11/21/2019,1.63,2019
11/22/2019,1.62,2019
11/25/2019,1.62,2019
11/26/2019,1.62,2019
11/27/2019,1.63,2019
11/29/2019,1.61,2019
12/2/2019,1.65,2019
12/3/2019,1.63,2019
12/4/2019,1.66,2019
12/5/2019,1.67,2019
12/6/2019,1.69,2019
12/9/2019,1.69,2019
12/10/2019,1.71,2019
12/11/2019,1.69,2019
12/12/2019,1.72,2019
12/13/2019,1.7,2019
12/16/2019,1.73,2019
12/17/2019,1.75,2019
12/18/2019,1.76,2019
12/19/2019,1.77,2019
12/20/2019,1.77,2019
12/23/2019,1.75,2019
12/24/2019,1.75,2019
12/26/2019,1.74,2019
12/27/2019,1.73,2019
12/30/2019,1.75,2019
12/31/2019,1.77,2019
1/2/2020,1.8,2020
1/3/2020,1.77,2020
1/6/2020,1.75,2020
1/7/2020,1.74,2020
1/8/2020,1.75,2020
1/9/2020,1.74,2020
1/10/2020,1.76,2020
1/13/2020,1.77,2020
1/14/2020,1.77,2020
1/15/2020,1.75,2020
1/16/2020,1.74,2020
1/17/2020,1.75,2020
1/21/2020,1.74,2020
1/22/2020,1.72,2020
1/23/2020,1.7,2020
1/24/2020,1.68,2020
1/27/2020,1.63,2020
1/28/2020,1.65,2020
1/29/2020,1.64,2020
1/30/2020,1.64,2020
1/31/2020,1.65,2020
2/3/2020,1.63,2020
2/4/2020,1.64,2020
2/5/2020,1.66,2020
2/6/2020,1.67,2020
2/7/2020,1.66,2020
2/10/2020,1.66,2020
2/11/2020,1.65,2020
2/12/2020,1.66,2020
2/13/2020,1.67,2020
2/14/2020,1.66,2020
2/18/2020,1.65,2020
2/19/2020,1.65,2020
2/20/2020,1.63,2020
2/21/2020,1.61,2020
2/24/2020,1.59,2020
2/25/2020,1.53,2020
2/26/2020,1.54,2020
2/27/2020,1.53,2020
2/28/2020,1.41,2020
3/2/2020,1.41,2020
3/3/2020,1.45,2020
3/4/2020,1.46,2020
3/5/2020,1.4,2020
3/6/2020,1.31,2020
3/9/2020,0.99,2020
3/10/2020,1,2020
3/11/2020,0.96,2020
3/12/2020,0.92,2020
3/13/2020,0.9,2020
3/16/2020,0.73,2020
3/17/2020,0.63,2020
3/18/2020,0.63,2020
3/19/2020,0.5,2020
3/20/2020,0.75,2020
3/23/2020,0.8,2020
3/24/2020,0.97,2020
3/25/2020,1.07,2020
3/26/2020,1.07,2020
3/27/2020,0.94,2020
3/30/2020,0.95,2020
3/31/2020,0.87,2020
4/1/2020,0.91,2020
4/2/2020,1.03,2020
4/3/2020,1.08,2020
4/6/2020,1.14,2020
4/7/2020,1.17,2020
4/8/2020,1.19,2020
4/9/2020,1.23,2020
4/13/2020,1.26,2020
4/14/2020,1.29,2020
4/15/2020,1.19,2020
4/16/2020,1.03,2020
4/17/2020,1.01,2020
4/20/2020,0.94,2020
4/21/2020,0.96,2020
4/22/2020,1.06,2020
4/23/2020,1.05,2020
4/24/2020,1.11,2020
4/27/2020,1.17,2020
4/28/2020,1.14,2020
4/29/2020,1.14,2020
4/30/2020,1.07,2020
5/1/2020,1.06,2020
5/4/2020,1.07,2020
5/5/2020,1.1,2020
5/6/2020,1.1,2020
5/7/2020,1.08,2020
5/8/2020,1.12,2020
5/11/2020,1.13,2020
5/12/2020,1.09,2020
5/13/2020,1.07,2020
5/14/2020,1.06,2020
5/15/2020,1.09,2020
5/18/2020,1.17,2020
5/19/2020,1.15,2020
5/20/2020,1.16,2020
5/21/2020,1.14,2020
5/22/2020,1.12,2020
5/26/2020,1.13,2020
5/27/2020,1.14,2020
5/28/2020,1.18,2020
5/29/2020,1.15,2020
6/1/2020,1.18,2020
6/2/2020,1.18,2020
6/3/2020,1.21,2020
6/4/2020,1.22,2020
6/5/2020,1.27,2020
6/8/2020,1.28,2020
6/9/2020,1.26,2020
6/10/2020,1.27,2020
6/11/2020,1.21,2020
6/12/2020,1.21,2020
6/15/2020,1.23,2020
6/16/2020,1.27,2020
6/17/2020,1.26,2020
6/18/2020,1.28,2020
6/19/2020,1.3,2020
6/22/2020,1.34,2020
6/23/2020,1.38,2020
6/24/2020,1.33,2020
6/25/2020,1.33,2020
6/26/2020,1.32,2020
6/29/2020,1.34,2020
6/30/2020,1.34,2020
7/1/2020,1.37,2020
7/2/2020,1.41,2020
7/6/2020,1.45,2020
7/7/2020,1.43,2020
7/8/2020,1.42,2020
7/9/2020,1.39,2020
7/10/2020,1.41,2020
7/13/2020,1.42,2020
7/14/2020,1.41,2020
7/15/2020,1.41,2020
7/16/2020,1.41,2020
7/17/2020,1.46,2020
7/20/2020,1.46,2020
7/21/2020,1.48,2020
7/22/2020,1.48,2020
7/23/2020,1.49,2020
7/24/2020,1.51,2020
7/27/2020,1.52,2020
7/28/2020,1.51,2020
7/29/2020,1.53,2020
7/30/2020,1.52,2020
7/31/2020,1.55,2020
8/3/2020,1.58,2020
8/4/2020,1.57,2020
8/5/2020,1.61,2020
8/6/2020,1.63,2020
8/7/2020,1.61,2020
8/10/2020,1.61,2020
8/11/2020,1.63,2020
8/12/2020,1.67,2020
8/13/2020,1.67,2020
8/14/2020,1.65,2020
8/17/2020,1.66,2020
8/18/2020,1.68,2020
8/19/2020,1.67,2020
8/20/2020,1.62,2020
8/21/2020,1.64,2020
8/24/2020,1.67,2020
8/25/2020,1.7,2020
8/26/2020,1.72,2020
8/27/2020,1.73,2020
8/28/2020,1.77,2020
8/31/2020,1.8,2020
9/1/2020,1.76,2020
9/2/2020,1.73,2020
9/3/2020,1.65,2020
9/4/2020,1.7,2020
9/8/2020,1.68,2020
9/9/2020,1.71,2020
9/10/2020,1.69,2020
9/11/2020,1.65,2020
9/14/2020,1.65,2020
9/15/2020,1.67,2020
9/16/2020,1.68,2020
9/17/2020,1.66,2020
9/18/2020,1.67,2020
9/21/2020,1.62,2020
9/22/2020,1.62,2020
9/23/2020,1.6,2020
9/24/2020,1.58,2020
9/25/2020,1.58,2020
9/28/2020,1.61,2020
9/29/2020,1.64,2020
9/30/2020,1.63,2020
10/1/2020,1.63,2020
10/2/2020,1.64,2020
10/5/2020,1.68,2020
10/6/2020,1.66,2020
10/7/2020,1.71,2020
10/8/2020,1.72,2020
10/9/2020,1.73,2020
10/13/2020,1.7,2020
10/14/2020,1.69,2020
10/15/2020,1.69,2020
10/16/2020,1.71,2020
10/19/2020,1.71,2020
10/20/2020,1.72,2020
10/21/2020,1.74,2020
10/22/2020,1.76,2020
10/23/2020,1.75,2020
10/26/2020,1.72,2020
10/27/2020,1.71,2020
10/28/2020,1.7,2020
10/29/2020,1.71,2020
10/30/2020,1.7,2020
11/2/2020,1.71,2020
11/3/2020,1.72,2020
11/4/2020,1.64,2020
11/5/2020,1.66,2020
11/6/2020,1.65,2020
11/9/2020,1.73,2020
11/10/2020,1.76,2020
11/12/2020,1.71,2020
11/13/2020,1.72,2020
11/16/2020,1.72,2020
11/17/2020,1.7,2020
11/18/2020,1.7,2020
11/19/2020,1.7,2020
11/20/2020,1.69,2020
11/23/2020,1.71,2020
11/24/2020,1.74,2020
11/25/2020,1.75,2020
11/27/2020,1.75,2020
11/30/2020,1.77,2020
12/1/2020,1.81,2020
12/2/2020,1.85,2020
12/3/2020,1.86,2020
12/4/2020,1.89,2020
12/7/2020,1.88,2020
12/8/2020,1.89,2020
12/9/2020,1.91,2020
12/10/2020,1.88,2020
12/11/2020,1.87,2020
12/14/2020,1.88,2020
12/15/2020,1.91,2020
12/16/2020,1.92,2020
12/17/2020,1.94,2020
12/18/2020,1.95,2020
12/21/2020,1.95,2020
12/22/2020,1.94,2020
12/23/2020,1.97,2020
12/24/2020,1.97,2020
12/28/2020,1.97,2020
12/29/2020,1.96,2020
12/30/2020,1.96,2020
12/31/2020,1.99,2020
1/4/2021,2.01,2021
1/5/2021,2.03,2021
1/6/2021,2.06,2021
1/7/2021,2.09,2021
1/8/2021,2.06,2021
1/11/2021,2.06,2021
1/12/2021,2.08,2021
1/13/2021,2.06,2021
1/14/2021,2.09,2021
1/15/2021,2.1,2021
1/19/2021,2.1,2021
1/20/2021,2.12,2021
1/21/2021,2.1,2021
1/22/2021,2.09,2021
1/25/2021,2.08,2021
1/26/2021,2.08,2021
1/27/2021,2.08,2021
1/28/2021,2.13,2021
1/29/2021,2.13,2021
2/1/2021,2.11,2021
2/2/2021,2.15,2021
2/3/2021,2.19,2021
2/4/2021,2.17,2021
2/5/2021,2.21,2021
2/8/2021,2.22,2021
2/9/2021,2.22,2021
2/10/2021,2.21,2021
2/11/2021,2.2,2021
2/12/2021,2.21,2021
2/16/2021,2.24,2021
2/17/2021,2.21,2021
2/18/2021,2.16,2021
2/19/2021,2.14,2021
2/22/2021,2.16,2021
2/23/2021,2.16,2021
2/24/2021,2.17,2021
2/25/2021,2.14,2021
2/26/2021,2.15,2021
3/1/2021,2.16,2021
3/2/2021,2.2,2021
3/3/2021,2.21,2021
3/4/2021,2.2,2021
3/5/2021,2.22,2021
3/8/2021,2.21,2021
3/9/2021,2.21,2021
3/10/2021,2.26,2021
3/11/2021,2.28,2021
3/12/2021,2.26,2021
3/15/2021,2.27,2021
3/16/2021,2.3,2021
3/17/2021,2.3,2021
3/18/2021,2.27,2021
3/19/2021,2.31,2021
3/22/2021,2.33,2021
3/23/2021,2.29,2021
3/24/2021,2.31,2021
3/25/2021,2.32,2021
3/26/2021,2.34,2021
3/29/2021,2.36,2021
3/30/2021,2.35,2021
3/31/2021,2.37,2021
4/1/2021,2.35,2021
4/2/2021,2.36,2021
4/5/2021,2.35,2021
4/6/2021,2.32,2021
4/7/2021,2.34,2021
4/8/2021,2.33,2021
4/9/2021,2.31,2021
4/12/2021,2.33,2021
4/13/2021,2.33,2021
4/14/2021,2.33,2021
4/15/2021,2.33,2021
4/16/2021,2.36,2021
4/19/2021,2.34,2021
4/20/2021,2.32,2021
4/21/2021,2.33,2021
4/22/2021,2.33,2021
4/23/2021,2.34,2021
4/26/2021,2.36,2021
4/27/2021,2.39,2021
4/28/2021,2.41,2021
4/29/2021,2.42,2021
4/30/2021,2.41,2021
5/3/2021,2.42,2021
5/4/2021,2.42,2021
5/5/2021,2.47,2021
5/6/2021,2.45,2021
5/7/2021,2.49,2021
5/10/2021,2.54,2021
5/11/2021,2.53,2021
5/12/2021,2.54,2021
5/13/2021,2.51,2021
5/14/2021,2.51,2021
5/17/2021,2.54,2021
5/18/2021,2.52,2021
5/19/2021,2.48,2021
5/20/2021,2.41,2021
5/21/2021,2.43,2021
5/24/2021,2.44,2021
5/25/2021,2.42,2021
5/26/2021,2.4,2021
5/27/2021,2.42,2021
5/28/2021,2.42,2021
6/1/2021,2.46,2021
6/2/2021,2.44,2021
6/3/2021,2.42,2021
6/4/2021,2.4,2021
6/7/2021,2.39,2021
6/8/2021,2.36,2021
6/9/2021,2.32,2021
6/10/2021,2.35,2021
6/11/2021,2.32,2021
6/14/2021,2.36,2021
6/15/2021,2.38,2021
6/16/2021,2.32,2021
6/17/2021,2.27,2021
6/18/2021,2.24,2021
6/21/2021,2.25,2021
6/22/2021,2.31,2021
6/23/2021,2.34,2021
6/24/2021,2.3,2021
6/25/2021,2.34,2021
6/28/2021,2.33,2021
6/29/2021,2.32,2021
6/30/2021,2.32,2021
7/1/2021,2.35,2021
7/2/2021,2.33,2021
7/6/2021,2.31,2021
7/7/2021,2.28,2021
7/8/2021,2.22,2021
7/9/2021,2.28,2021
7/12/2021,2.33,2021
7/13/2021,2.36,2021
7/14/2021,2.34,2021
7/15/2021,2.32,2021
7/16/2021,2.33,2021
7/19/2021,2.24,2021
7/20/2021,2.26,2021
7/21/2021,2.28,2021
7/22/2021,2.28,2021
7/23/2021,2.35,2021
7/26/2021,2.4,2021
7/27/2021,2.38,2021
7/28/2021,2.41,2021
7/29/2021,2.43,2021
7/30/2021,2.4,2021
8/2/2021,2.37,2021
8/3/2021,2.38,2021
8/4/2021,2.35,2021
8/5/2021,2.33,2021
8/6/2021,2.37,2021
8/9/2021,2.37,2021
8/10/2021,2.4,2021
8/11/2021,2.42,2021
8/12/2021,2.41,2021
8/13/2021,2.37,2021
8/16/2021,2.36,2021
8/17/2021,2.33,2021
8/18/2021,2.32,2021
8/19/2021,2.28,2021
8/20/2021,2.27,2021
8/23/2021,2.27,2021
8/24/2021,2.3,2021
8/25/2021,2.35,2021
8/26/2021,2.33,2021
8/27/2021,2.39,2021
8/30/2021,2.37,2021
8/31/2021,2.33,2021
9/1/2021,2.34,2021
9/2/2021,2.32,2021
9/3/2021,2.34,2021
9/7/2021,2.36,2021
9/8/2021,2.38,2021
9/9/2021,2.38,2021
9/10/2021,2.4,2021
9/13/2021,2.37,2021
9/14/2021,2.33,2021
9/15/2021,2.35,2021
9/16/2021,2.35,2021
9/17/2021,2.33,2021
9/20/2021,2.29,2021
9/21/2021,2.29,2021
9/22/2021,2.28,2021
9/23/2021,2.31,2021
9/24/2021,2.34,2021
9/27/2021,2.35,2021
9/28/2021,2.38,2021
9/29/2021,2.37,2021
9/30/2021,2.37,2021
10/1/2021,2.38,2021
10/4/2021,2.38,2021
10/5/2021,2.45,2021
10/6/2021,2.43,2021
10/7/2021,2.46,2021
10/8/2021,2.5,2021
10/12/2021,2.49,2021
10/13/2021,2.52,2021
10/14/2021,2.52,2021
10/15/2021,2.56,2021
10/18/2021,2.54,2021
10/19/2021,2.54,2021
10/20/2021,2.57,2021
10/21/2021,2.64,2021
10/22/2021,2.64,2021
10/25/2021,2.66,2021
10/26/2021,2.69,2021
10/27/2021,2.65,2021
10/28/2021,2.57,2021
10/29/2021,2.51,2021
11/1/2021,2.5,2021
11/2/2021,2.51,2021
11/3/2021,2.53,2021
11/4/2021,2.56,2021
11/5/2021,2.54,2021
11/8/2021,2.62,2021
11/9/2021,2.63,2021
11/10/2021,2.7,2021
11/12/2021,2.73,2021
11/15/2021,2.76,2021
11/16/2021,2.73,2021
11/17/2021,2.7,2021
11/18/2021,2.73,2021
11/19/2021,2.65,2021
11/22/2021,2.61,2021
11/23/2021,2.62,2021
11/24/2021,2.61,2021
11/26/2021,2.55,2021
11/29/2021,2.54,2021
11/30/2021,2.5,2021
12/1/2021,2.44,2021
12/2/2021,2.47,2021
12/3/2021,2.43,2021
12/6/2021,2.44,2021
12/7/2021,2.47,2021
12/8/2021,2.52,2021
12/9/2021,2.47,2021
12/10/2021,2.44,2021
12/13/2021,2.4,2021
12/14/2021,2.37,2021
12/15/2021,2.39,2021
12/16/2021,2.42,2021
12/17/2021,2.38,2021
12/20/2021,2.39,2021
12/21/2021,2.44,2021
12/22/2021,2.47,2021
12/23/2021,2.47,2021
12/27/2021,2.5,2021
12/28/2021,2.5,2021
12/29/2021,2.53,2021
12/30/2021,2.58,2021
12/31/2021,2.56,2021
1/3/2022,2.6,2022
1/4/2022,2.57,2022
1/5/2022,2.53,2022
1/6/2022,2.46,2022
1/7/2022,2.48,2022
1/10/2022,2.48,2022
1/11/2022,2.54,2022
1/12/2022,2.48,2022
1/13/2022,2.43,2022
1/14/2022,2.44,2022
1/18/2022,2.46,2022
1/19/2022,2.4,2022
1/20/2022,2.33,2022
1/21/2022,2.34,2022
1/24/2022,2.38,2022
1/25/2022,2.41,2022
1/26/2022,2.38,2022
1/27/2022,2.4,2022
1/28/2022,2.44,2022
1/31/2022,2.44,2022
2/1/2022,2.43,2022
2/2/2022,2.41,2022
2/3/2022,2.38,2022
2/4/2022,2.41,2022
2/7/2022,2.4,2022
2/8/2022,2.42,2022
2/9/2022,2.42,2022
2/10/2022,2.45,2022
2/11/2022,2.43,2022
2/14/2022,2.48,2022
2/15/2022,2.48,2022
2/16/2022,2.46,2022
2/17/2022,2.43,2022
2/18/2022,2.41,2022
2/22/2022,2.45,2022
2/23/2022,2.53,2022
2/24/2022,2.55,2022
2/25/2022,2.54,2022
2/28/2022,2.62,2022
3/1/2022,2.62,2022
3/2/2022,2.71,2022
3/3/2022,2.69,2022
3/4/2022,2.67,2022
3/7/2022,2.77,2022
3/8/2022,2.9,2022
3/9/2022,2.84,2022
3/10/2022,2.86,2022
3/11/2022,2.94,2022
3/14/2022,2.93,2022
3/15/2022,2.84,2022
3/16/2022,2.8,2022
3/17/2022,2.91,2022
3/18/2022,2.86,2022
3/21/2022,2.9,2022
3/22/2022,2.91,2022
3/23/2022,2.94,2022
3/24/2022,2.92,2022
3/25/2022,2.95,2022
3/28/2022,2.95,2022
3/29/2022,2.86,2022
3/30/2022,2.86,2022
3/31/2022,2.84,2022
4/1/2022,2.8,2022
4/4/2022,2.8,2022
4/5/2022,2.84,2022
4/6/2022,2.83,2022
4/7/2022,2.82,2022
4/8/2022,2.87,2022
4/11/2022,2.91,2022
4/12/2022,2.86,2022
4/13/2022,2.8,2022
4/14/2022,2.89,2022
4/18/2022,2.92,2022
4/19/2022,2.93,2022
4/20/2022,2.92,2022
4/21/2022,3.02,2022
4/22/2022,2.98,2022
4/25/2022,2.91,2022
4/26/2022,2.85,2022
4/27/2022,2.88,2022
4/28/2022,2.97,2022
4/29/2022,2.88,2022
5/2/2022,2.81,2022
5/3/2022,2.83,2022
5/4/2022,2.86,2022
5/5/2022,2.87,2022
5/6/2022,2.86,2022
5/9/2022,2.75,2022
5/10/2022,2.65,2022
5/11/2022,2.7,2022
5/12/2022,2.59,2022
5/13/2022,2.69,2022
5/16/2022,2.68,2022
5/17/2022,2.71,2022
5/18/2022,2.72,2022
5/19/2022,2.59,2022
5/20/2022,2.55,2022
5/23/2022,2.6,2022
5/24/2022,2.55,2022
5/25/2022,2.56,2022
5/26/2022,2.62,2022
5/27/2022,2.63,2022
5/31/2022,2.64,2022
6/1/2022,2.65,2022
6/2/2022,2.66,2022
6/3/2022,2.74,2022
6/6/2022,2.76,2022
6/7/2022,2.73,2022
6/8/2022,2.75,2022
6/9/2022,2.75,2022
6/10/2022,2.76,2022
6/13/2022,2.74,2022
6/14/2022,2.6,2022
6/15/2022,2.7,2022
6/16/2022,2.62,2022
6/17/2022,2.58,2022
6/21/2022,2.61,2022
6/22/2022,2.54,2022
6/23/2022,2.5,2022
6/24/2022,2.56,2022
6/27/2022,2.55,2022
6/28/2022,2.48,2022
6/29/2022,2.36,2022
6/30/2022,2.33,2022
7/1/2022,2.34,2022
7/5/2022,2.3,2022
7/6/2022,2.29,2022
7/7/2022,2.33,2022
7/8/2022,2.37,2022
7/11/2022,2.32,2022
7/12/2022,2.32,2022
7/13/2022,2.31,2022
7/14/2022,2.34,2022
7/15/2022,2.36,2022
7/18/2022,2.37,2022
7/19/2022,2.39,2022
7/20/2022,2.38,2022
7/21/2022,2.33,2022
7/22/2022,2.34,2022
7/25/2022,2.36,2022
7/26/2022,2.36,2022
7/27/2022,2.42,2022
7/28/2022,2.48,2022
7/29/2022,2.53,2022
8/1/2022,2.51,2022
8/2/2022,2.48,2022
8/3/2022,2.5,2022
8/4/2022,2.46,2022
8/5/2022,2.46,2022
8/8/2022,2.48,2022
8/9/2022,2.47,2022
8/10/2022,2.43,2022
8/11/2022,2.47,2022
8/12/2022,2.47,2022
8/15/2022,2.44,2022
8/16/2022,2.44,2022
8/17/2022,2.46,2022
8/18/2022,2.52,2022
8/19/2022,2.55,2022
8/22/2022,2.57,2022
8/23/2022,2.58,2022
8/24/2022,2.62,2022
8/25/2022,2.6,2022
8/26/2022,2.57,2022
8/29/2022,2.58,2022
8/30/2022,2.55,2022
8/31/2022,2.48,2022
9/1/2022,2.45,2022
9/2/2022,2.47,2022
9/6/2022,2.48,2022
9/7/2022,2.45,2022
9/8/2022,2.41,2022
9/9/2022,2.42,2022
9/12/2022,2.42,2022
9/13/2022,2.44,2022
9/14/2022,2.46,2022
9/15/2022,2.43,2022
9/16/2022,2.38,2022
9/19/2022,2.34,2022
9/20/2022,2.4,2022
9/21/2022,2.38,2022
9/22/2022,2.41,2022
9/23/2022,2.37,2022
9/26/2022,2.32,2022
9/27/2022,2.33,2022
9/28/2022,2.33,2022
9/29/2022,2.19,2022
9/30/2022,2.15,2022
10/3/2022,2.24,2022
10/4/2022,2.24,2022
10/5/2022,2.22,2022
10/6/2022,2.22,2022
10/7/2022,2.27,2022
10/11/2022,2.31,2022
10/12/2022,2.29,2022
10/13/2022,2.34,2022
10/14/2022,2.41,2022
10/17/2022,2.45,2022
10/18/2022,2.41,2022
10/19/2022,2.42,2022
10/20/2022,2.51,2022
10/21/2022,2.52,2022
10/24/2022,2.59,2022
10/25/2022,2.51,2022
10/26/2022,2.44,2022
10/27/2022,2.45,2022
10/28/2022,2.51,2022
10/31/2022,2.52,2022
11/1/2022,2.51,2022
11/2/2022,2.53,2022
11/3/2022,2.4,2022
11/4/2022,2.48,2022
11/7/2022,2.53,2022
11/8/2022,2.5,2022
11/9/2022,2.42,2022
11/10/2022,2.39,2022
11/14/2022,2.37,2022
11/15/2022,2.35,2022
11/16/2022,2.29,2022
11/17/2022,2.28,2022
11/18/2022,2.25,2022
11/21/2022,2.31,2022
11/22/2022,2.32,2022
11/23/2022,2.32,2022
11/25/2022,2.32,2022
11/28/2022,2.26,2022
11/29/2022,2.25,2022
11/30/2022,2.34,2022
12/1/2022,2.36,2022
12/2/2022,2.43,2022
12/5/2022,2.39,2022
12/6/2022,2.31,2022
12/7/2022,2.26,2022
12/8/2022,2.28,2022
12/9/2022,2.26,2022
12/12/2022,2.28,2022
12/13/2022,2.24,2022
12/14/2022,2.19,2022
12/15/2022,2.16,2022
12/16/2022,2.13,2022
12/19/2022,2.15,2022
12/20/2022,2.24,2022
12/21/2022,2.27,2022
12/22/2022,2.19,2022
12/23/2022,2.2,2022
12/27/2022,2.26,2022
12/28/2022,2.28,2022
12/29/2022,2.27,2022
12/30/2022,2.3,2022
1/3/2023,2.26,2023
1/4/2023,2.22,2023
1/5/2023,2.22,2023
1/6/2023,2.21,2023
1/9/2023,2.22,2023
1/10/2023,2.24,2023
1/11/2023,2.23,2023
1/12/2023,2.21,2023
1/13/2023,2.18,2023
1/17/2023,2.17,2023
1/18/2023,2.12,2023
1/19/2023,2.2,2023
1/20/2023,2.23,2023
1/23/2023,2.28,2023
1/24/2023,2.27,2023
1/25/2023,2.29,2023
1/26/2023,2.33,2023
1/27/2023,2.33,2023
1/30/2023,2.29,2023
1/31/2023,2.24,2023
2/1/2023,2.25,2023
2/2/2023,2.22,2023
2/3/2023,2.22,2023
2/6/2023,2.25,2023
2/7/2023,2.31,2023
2/8/2023,2.34,2023
2/9/2023,2.33,2023
2/10/2023,2.33,2023
2/13/2023,2.31,2023
2/14/2023,2.31,2023
2/15/2023,2.35,2023
2/16/2023,2.37,2023
2/17/2023,2.36,2023
2/21/2023,2.42,2023
2/22/2023,2.41,2023
2/23/2023,2.39,2023
2/24/2023,2.38,2023
2/27/2023,2.36,2023
2/28/2023,2.43,2023
3/1/2023,2.44,2023
3/2/2023,2.48,2023
3/3/2023,2.52,2023
3/6/2023,2.49,2023
3/7/2023,2.38,2023
3/8/2023,2.32,2023
3/9/2023,2.3,2023
3/10/2023,2.26,2023
3/13/2023,2.24,2023
3/14/2023,2.31,2023
3/15/2023,2.29,2023
3/16/2023,2.22,2023
3/17/2023,2.1,2023
3/20/2023,2.14,2023
3/21/2023,2.23,2023
3/22/2023,2.28,2023
3/23/2023,2.19,2023
3/24/2023,2.22,2023
3/27/2023,2.24,2023
3/28/2023,2.31,2023
3/29/2023,2.33,2023
3/30/2023,2.34,2023
3/31/2023,2.32,2023
4/3/2023,2.29,2023
4/4/2023,2.25,2023
4/5/2023,2.23,2023
4/6/2023,2.24,2023
4/7/2023,2.25,2023
4/10/2023,2.27,2023
4/11/2023,2.29,2023
4/12/2023,2.27,2023
4/13/2023,2.29,2023
4/14/2023,2.3,2023
4/17/2023,2.32,2023
4/18/2023,2.28,2023
4/19/2023,2.28,2023
4/20/2023,2.26,2023
4/21/2023,2.28,2023
4/24/2023,2.28,2023
4/25/2023,2.25,2023
4/26/2023,2.25,2023
4/27/2023,2.27,2023
4/28/2023,2.18,2023
5/1/2023,2.23,2023
5/2/2023,2.2,2023
5/3/2023,2.2,2023
5/4/2023,2.19,2023
5/5/2023,2.21,2023
5/8/2023,2.23,2023
5/9/2023,2.23,2023
5/10/2023,2.17,2023
5/11/2023,2.16,2023
5/12/2023,2.18,2023
5/15/2023,2.19,2023
5/16/2023,2.19,2023
5/17/2023,2.22,2023
5/18/2023,2.23,2023
5/19/2023,2.24,2023
5/22/2023,2.24,2023
5/23/2023,2.26,2023
5/24/2023,2.25,2023
5/25/2023,2.25,2023
5/26/2023,2.23,2023
5/30/2023,2.22,2023
5/31/2023,2.18,2023
6/1/2023,2.16,2023
6/2/2023,2.18,2023
6/5/2023,2.19,2023
6/6/2023,2.2,2023
6/7/2023,2.21,2023
6/8/2023,2.2,2023
6/9/2023,2.2,2023
6/12/2023,2.17,2023
6/13/2023,2.2,2023
6/14/2023,2.21,2023
6/15/2023,2.21,2023
6/16/2023,2.22,2023
6/20/2023,2.22,2023
6/21/2023,2.21,2023
6/22/2023,2.24,2023
6/23/2023,2.21,2023
6/26/2023,2.18,2023
6/27/2023,2.2,2023
6/28/2023,2.18,2023
6/29/2023,2.2,2023
6/30/2023,2.22,2023
7/3/2023,2.25,2023
7/5/2023,2.26,2023
7/6/2023,2.27,2023
7/7/2023,2.27,2023
7/10/2023,2.25,2023
7/11/2023,2.24,2023
7/12/2023,2.26,2023
7/13/2023,2.24,2023
7/14/2023,2.24,2023
7/17/2023,2.25,2023
7/18/2023,2.23,2023
7/19/2023,2.22,2023
7/20/2023,2.35,2023
7/21/2023,2.35,2023
7/24/2023,2.38,2023
7/25/2023,2.39,2023
7/26/2023,2.36,2023
7/27/2023,2.37,2023
7/28/2023,2.38,2023
7/31/2023,2.37,2023
8/1/2023,2.37,2023
8/2/2023,2.36,2023
8/3/2023,2.37,2023
8/4/2023,2.38,2023
8/7/2023,2.41,2023
8/8/2023,2.36,2023
8/9/2023,2.34,2023
8/10/2023,2.33,2023
8/11/2023,2.36,2023
8/14/2023,2.36,2023
8/15/2023,2.32,2023
8/16/2023,2.32,2023
8/17/2023,2.33,2023
8/18/2023,2.32,2023
8/21/2023,2.34,2023
8/22/2023,2.35,2023
8/23/2023,2.35,2023
8/24/2023,2.32,2023
8/25/2023,2.33,2023
8/28/2023,2.3,2023
8/29/2023,2.29,2023
8/30/2023,2.26,2023
8/31/2023,2.24,2023
9/1/2023,2.26,2023
9/5/2023,2.29,2023
9/6/2023,2.3,2023
9/7/2023,2.32,2023
9/8/2023,2.33,2023
9/11/2023,2.35,2023
9/12/2023,2.34,2023
9/13/2023,2.35,2023
9/14/2023,2.34,2023
9/15/2023,2.35,2023
9/18/2023,2.36,2023
9/19/2023,2.37,2023
9/20/2023,2.35,2023
9/21/2023,2.38,2023
9/22/2023,2.37,2023
9/25/2023,2.37,2023
9/26/2023,2.33,2023
9/27/2023,2.34,2023
9/28/2023,2.39,2023
9/29/2023,2.35,2023
10/2/2023,2.35,2023
10/3/2023,2.36,2023
10/4/2023,2.33,2023
10/5/2023,2.31,2023
10/6/2023,2.31,2023
10/10/2023,2.32,2023
10/11/2023,2.32,2023
10/12/2023,2.34,2023
10/13/2023,2.34,2023
10/16/2023,2.38,2023
10/17/2023,2.41,2023
10/18/2023,2.44,2023
10/19/2023,2.49,2023
10/20/2023,2.47,2023
10/23/2023,2.41,2023
10/24/2023,2.4,2023
10/25/2023,2.43,2023
10/26/2023,2.42,2023
10/27/2023,2.42,2023
10/30/2023,2.44,2023
10/31/2023,2.42,2023
11/1/2023,2.41,2023
11/2/2023,2.4,2023
11/3/2023,2.39,2023
11/6/2023,2.42,2023
11/7/2023,2.39,2023
11/8/2023,2.34,2023
11/9/2023,2.33,2023
11/10/2023,2.32,2023
11/13/2023,2.31,2023
11/14/2023,2.28,2023
11/15/2023,2.31,2023
11/16/2023,2.27,2023
11/17/2023,2.28,2023
11/20/2023,2.3,2023
11/21/2023,2.25,2023
11/22/2023,2.26,2023
11/24/2023,2.26,2023
11/27/2023,2.21,2023
11/28/2023,2.22,2023
11/29/2023,2.21,2023
11/30/2023,2.23,2023
12/1/2023,2.22,2023
12/4/2023,2.21,2023
12/5/2023,2.17,2023
12/6/2023,2.14,2023
12/7/2023,2.17,2023
12/8/2023,2.21,2023
12/11/2023,2.19,2023
12/12/2023,2.16,2023
12/13/2023,2.16,2023
12/14/2023,2.22,2023
12/15/2023,2.22,2023
12/18/2023,2.21,2023
12/19/2023,2.19,2023
12/20/2023,2.19,2023
12/21/2023,2.19,2023
12/22/2023,2.19,2023
12/26/2023,2.18,2023
12/27/2023,2.15,2023
12/28/2023,2.16,2023
12/29/2023,2.16,2023
1/2/2024,2.21,2024
1/3/2024,2.2,2024
1/4/2024,2.22,2024
1/5/2024,2.22,2024
1/8/2024,2.22,2024
1/9/2024,2.22,2024
1/10/2024,2.22,2024
1/11/2024,2.22,2024
1/12/2024,2.27,2024
1/16/2024,2.3,2024
1/17/2024,2.3,2024
1/18/2024,2.34,2024
1/19/2024,2.34,2024
1/22/2024,2.31,2024
1/23/2024,2.29,2024
1/24/2024,2.3,2024
1/25/2024,2.29,2024
1/26/2024,2.3,2024
1/29/2024,2.3,2024
1/30/2024,2.26,2024
1/31/2024,2.26,2024
2/1/2024,2.19,2024
2/2/2024,2.21,2024
2/5/2024,2.27,2024
2/6/2024,2.24,2024
2/7/2024,2.23,2024
2/8/2024,2.24,2024
2/9/2024,2.25,2024
2/12/2024,2.24,2024
2/13/2024,2.29,2024
2/14/2024,2.3,2024
2/15/2024,2.3,2024
2/16/2024,2.33,2024
2/20/2024,2.32,2024
2/21/2024,2.34,2024
2/22/2024,2.31,2024
2/23/2024,2.3,2024
2/26/2024,2.31,2024
2/27/2024,2.32,2024
2/28/2024,2.33,2024
2/29/2024,2.33,2024
3/1/2024,2.32,2024
3/4/2024,2.34,2024
3/5/2024,2.32,2024
3/6/2024,2.3,2024
3/7/2024,2.28,2024
3/8/2024,2.28,2024
3/11/2024,2.27,2024
3/12/2024,2.3,2024
3/13/2024,2.3,2024
3/14/2024,2.3,2024
3/15/2024,2.32,2024
3/18/2024,2.31,2024
3/19/2024,2.3,2024
3/20/2024,2.31,2024
3/21/2024,2.34,2024
3/22/2024,2.35,2024
3/25/2024,2.33,2024
3/26/2024,2.32,2024
3/27/2024,2.32,2024
3/28/2024,2.32,2024
4/1/2024,2.35,2024
4/2/2024,2.36,2024
4/3/2024,2.36,2024
4/4/2024,2.34,2024
4/5/2024,2.37,2024
4/8/2024,2.38,2024
4/9/2024,2.36,2024
4/10/2024,2.4,2024
4/11/2024,2.4,2024
4/12/2024,2.39,2024
4/15/2024,2.43,2024
4/16/2024,2.43,2024
4/17/2024,2.39,2024
4/18/2024,2.4,2024
4/19/2024,2.41,2024
4/22/2024,2.41,2024
4/23/2024,2.41,2024
4/24/2024,2.41,2024
4/25/2024,2.42,2024
4/26/2024,2.43,2024
4/29/2024,2.41,2024
4/30/2024,2.41,2024
5/1/2024,2.38,2024
5/2/2024,2.37,2024
5/3/2024,2.35,2024
5/6/2024,2.35,2024
5/7/2024,2.32,2024
5/8/2024,2.31,2024
5/9/2024,2.32,2024
5/10/2024,2.34,2024
5/13/2024,2.33,2024
5/14/2024,2.33,2024
5/15/2024,2.31,2024
5/16/2024,2.31,2024
5/17/2024,2.32,2024
5/20/2024,2.33,2024
5/21/2024,2.32,2024
5/22/2024,2.33,2024
5/23/2024,2.3,2024
5/24/2024,2.32,2024
5/28/2024,2.34,2024
5/29/2024,2.36,2024
5/30/2024,2.36,2024
5/31/2024,2.35,2024
6/3/2024,2.33,2024
6/4/2024,2.31,2024
6/5/2024,2.3,2024
6/6/2024,2.28,2024
6/7/2024,2.3,2024
6/10/2024,2.31,2024
6/11/2024,2.27,2024
6/12/2024,2.22,2024
6/13/2024,2.21,2024
6/14/2024,2.17,2024
6/17/2024,2.22,2024
6/18/2024,2.21,2024
6/20/2024,2.25,2024
6/21/2024,2.23,2024
6/24/2024,2.22,2024
6/25/2024,2.22,2024
6/26/2024,2.26,2024
6/27/2024,2.26,2024
6/28/2024,2.28,2024
7/1/2024,2.32,2024
7/2/2024,2.3,2024
7/3/2024,2.27,2024
7/5/2024,2.28,2024
7/8/2024,2.27,2024
7/9/2024,2.26,2024
7/10/2024,2.27,2024
7/11/2024,2.25,2024
7/12/2024,2.24,2024
7/15/2024,2.27,2024
7/16/2024,2.26,2024
7/17/2024,2.26,2024
7/18/2024,2.31,2024
7/19/2024,2.32,2024
7/22/2024,2.3,2024
7/23/2024,2.29,2024
7/24/2024,2.28,2024
7/25/2024,2.28,2024
7/26/2024,2.27,2024
7/29/2024,2.25,2024
7/30/2024,2.25,2024
7/31/2024,2.24,2024
8/1/2024,2.2,2024
8/2/2024,2.04,2024
8/5/2024,2.07,2024
8/6/2024,2.12,2024
8/7/2024,2.11,2024
8/8/2024,2.12,2024
8/9/2024,2.1,2024
8/12/2024,2.11,2024
8/13/2024,2.09,2024
8/14/2024,2.06,2024
8/15/2024,2.12,2024
8/16/2024,2.08,2024
8/19/2024,2.07,2024
8/20/2024,2.07,2024
8/21/2024,2.07,2024
8/22/2024,2.1,2024
8/23/2024,2.13,2024
8/26/2024,2.15,2024
8/27/2024,2.15,2024
8/28/2024,2.15,2024
8/29/2024,2.16,2024
8/30/2024,2.15,2024
9/3/2024,2.11,2024
9/4/2024,2.07,2024
9/5/2024,2.03,2024
9/6/2024,2.03,2024
9/9/2024,2.04,2024
9/10/2024,2.02,2024
9/11/2024,2.04,2024
9/12/2024,2.05,2024
9/13/2024,2.08,2024
9/16/2024,2.09,2024
9/17/2024,2.12,2024
9/18/2024,2.12,2024
9/19/2024,2.17,2024
9/20/2024,2.15,2024
9/23/2024,2.17,2024
9/24/2024,2.19,2024
9/25/2024,2.18,2024
9/26/2024,2.16,2024
9/27/2024,2.15,2024
9/30/2024,2.18,2024
10/1/2024,2.19,2024
10/2/2024,2.21,2024
10/3/2024,2.21,2024
10/4/2024,2.23,2024
10/7/2024,2.27,2024
10/8/2024,2.27,2024
10/9/2024,2.29,2024
10/10/2024,2.33,2024
10/11/2024,2.33,2024
10/15/2024,2.28,2024
10/16/2024,2.27,2024
10/17/2024,2.3,2024
10/18/2024,2.31,2024
10/21/2024,2.31,2024
10/22/2024,2.33,2024
10/23/2024,2.31,2024
10/24/2024,2.3,2024
10/25/2024,2.29,2024
10/28/2024,2.29,2024
10/29/2024,2.3,2024
10/30/2024,2.34,2024
10/31/2024,2.33,2024
11/1/2024,2.33,2024
11/4/2024,2.28,2024
11/5/2024,2.27,2024
11/6/2024,2.38,2024
11/7/2024,2.33,2024
11/8/2024,2.35,2024
11/12/2024,2.35,2024
11/13/2024,2.35,2024
11/14/2024,2.33,2024
11/15/2024,2.33,2024
11/18/2024,2.34,2024
11/19/2024,2.34,2024
11/20/2024,2.35,2024
11/21/2024,2.34,2024
11/22/2024,2.34,2024
11/25/2024,2.29,2024
11/26/2024,2.28,2024
11/27/2024,2.26,2024
11/29/2024,2.26,2024
12/2/2024,2.26,2024
12/3/2024,2.28,2024
12/4/2024,2.29,2024
12/5/2024,2.25,2024
12/6/2024,2.24,2024
12/9/2024,2.27,2024
12/10/2024,2.29,2024
12/11/2024,2.3,2024
12/12/2024,2.32,2024
12/13/2024,2.33,2024
12/16/2024,2.32,2024
12/17/2024,2.31,2024
12/18/2024,2.32,2024
12/19/2024,2.29,2024
12/20/2024,2.29,2024
12/23/2024,2.32,2024
12/24/2024,2.35,2024
12/26/2024,2.35,2024
12/27/2024,2.34,2024
12/30/2024,2.31,2024
12/31/2024,2.34,2024
1/2/2025,2.34,2025
1/3/2025,2.34,2025
1/6/2025,2.34,2025
1/7/2025,2.38,2025
1/8/2025,2.4,2025
1/9/2025,2.39,2025
1/10/2025,2.43,2025
1/13/2025,2.45,2025
1/14/2025,2.44,2025
1/15/2025,2.42,2025
1/16/2025,2.42,2025
1/17/2025,2.41,2025
1/21/2025,2.38,2025
1/22/2025,2.4,2025
1/23/2025,2.42,2025
1/24/2025,2.43,2025
1/27/2025,2.4,2025
1/28/2025,2.42,2025
1/29/2025,2.4,2025
1/30/2025,2.38,2025
1/31/2025,2.42,2025
2/3/2025,2.45,2025
2/4/2025,2.44,2025
2/5/2025,2.42,2025
2/6/2025,2.42,2025
2/7/2025,2.42,2025
2/10/2025,2.44,2025
2/11/2025,2.46,2025
2/12/2025,2.46,2025
2/13/2025,2.44,2025
2/14/2025,2.43,2025
2/18/2025,2.45,2025
2/19/2025,2.45,2025
2/20/2025,2.45,2025
2/21/2025,2.42,2025
2/24/2025,2.42,2025
2/25/2025,2.38,2025
2/26/2025,2.36,2025
2/27/2025,2.37,2025
2/28/2025,2.38,2025
3/3/2025,2.36,2025
3/4/2025,2.35,2025
3/5/2025,2.34,2025
3/6/2025,2.34,2025
3/7/2025,2.33,2025
3/10/2025,2.31,2025
3/11/2025,2.31,2025
3/12/2025,2.33,2025
3/13/2025,2.29,2025
3/14/2025,2.3,2025
3/17/2025,2.29,2025
3/18/2025,2.3,2025
3/19/2025,2.31,2025
3/20/2025,2.31,2025
3/21/2025,2.33,2025
3/24/2025,2.36,2025
3/25/2025,2.35,2025
3/26/2025,2.37,2025
3/27/2025,2.39,2025
3/28/2025,2.37,2025
3/31/2025,2.38,2025
4/1/2025,2.33,2025
4/2/2025,2.32,2025
4/3/2025,2.28,2025
4/4/2025,2.18,2025
4/7/2025,2.19,2025
4/8/2025,2.22,2025
4/9/2025,2.27,2025
4/10/2025,2.19,2025
4/11/2025,2.2,2025
4/14/2025,2.23,2025
4/15/2025,2.19,2025
4/16/2025,2.17,2025
4/17/2025,2.23,2025
4/21/2025,2.22,2025
4/22/2025,2.27,2025
4/23/2025,2.29,2025
4/24/2025,2.3,2025
4/25/2025,2.27,2025
4/28/2025,2.25,2025
4/29/2025,2.23,2025
4/30/2025,2.23,2025
5/1/2025,2.25,2025
5/2/2025,2.27,2025
5/5/2025,2.28,2025
5/6/2025,2.26,2025
5/7/2025,2.25,2025
5/8/2025,2.29,2025
5/9/2025,2.29,2025
5/12/2025,2.29,2025
5/13/2025,2.32,2025
5/14/2025,2.37,2025
5/15/2025,2.34,2025
5/16/2025,2.34,2025
5/19/2025,2.36,2025
5/20/2025,2.35,2025
5/21/2025,2.35,2025
5/22/2025,2.34,2025
5/23/2025,2.33,2025
5/27/2025,2.32,2025
5/28/2025,2.32,2025
5/29/2025,2.32,2025
5/30/2025,2.34,2025
6/2/2025,2.33,2025
6/3/2025,2.32,2025
6/4/2025,2.31,2025
6/5/2025,2.29,2025
6/6/2025,2.31,2025
6/9/2025,2.31,2025
6/10/2025,2.29,2025
6/11/2025,2.27,2025
6/12/2025,2.25,2025
6/13/2025,2.28,2025
6/16/2025,2.3,2025
6/17/2025,2.31,2025
6/18/2025,2.31,2025
6/20/2025,2.33,2025
6/23/2025,2.3,2025
6/24/2025,2.29,2025
6/25/2025,2.28,2025
6/26/2025,2.28,2025
6/27/2025,2.29,2025
6/30/2025,2.29,2025
7/1/2025,2.29,2025
7/2/2025,2.3,2025
7/3/2025,2.33,2025
7/7/2025,2.35,2025
7/8/2025,2.35,2025
7/9/2025,2.33,2025
7/10/2025,2.34,2025
7/11/2025,2.37,2025
7/14/2025,2.39,2025
7/15/2025,2.41,2025
7/16/2025,2.41,2025
7/17/2025,2.43,2025
7/18/2025,2.41,2025
7/21/2025,2.4,2025
7/22/2025,2.39,2025
7/23/2025,2.37,2025
7/24/2025,2.45,2025
7/25/2025,2.44,2025
7/28/2025,2.44,2025
7/29/2025,2.43,2025
7/30/2025,2.42,2025
7/31/2025,2.39,2025
8/1/2025,2.33,2025
8/4/2025,2.37,2025
8/5/2025,2.36,2025
8/6/2025,2.34,2025
8/7/2025,2.35,2025
8/8/2025,2.39,2025
8/11/2025,2.4,2025
8/12/2025,2.38,2025
8/13/2025,2.37,2025
8/14/2025,2.39,2025
8/15/2025,2.38,2025
8/18/2025,2.38,2025
8/19/2025,2.35,2025
8/20/2025,2.35,2025
8/21/2025,2.39,2025
8/22/2025,2.41,2025
8/25/2025,2.41,2025
8/26/2025,2.42,2025
8/27/2025,2.43,2025
8/28/2025,2.41,2025
8/29/2025,2.41,2025
9/2/2025,2.41,2025
9/3/2025,2.4,2025
9/4/2025,2.38,2025
9/5/2025,2.37,2025
9/8/2025,2.35,2025
9/9/2025,2.36,2025
9/10/2025,2.35,2025
9/11/2025,2.34,2025
9/12/2025,2.36,2025
9/15/2025,2.37,2025
9/16/2025,2.37,2025
9/17/2025,2.38,2025
9/18/2025,2.38,2025
9/19/2025,2.39,2025
9/22/2025,2.37,2025
9/23/2025,2.37,2025
9/24/2025,2.38,2025
9/25/2025,2.38,2025
9/26/2025,2.38,2025
9/29/2025,2.35,2025
9/30/2025,2.36,2025
10/1/2025,2.35,2025
10/2/2025,2.34,2025
10/3/2025,2.33,2025
10/6/2025,2.34,2025
10/7/2025,2.35,2025
10/8/2025,2.35,2025
10/9/2025,2.34,2025
10/10/2025,2.3,2025
10/14/2025,2.3,2025
10/15/2025,2.29,2025
10/16/2025,2.28,2025
10/17/2025,2.27,2025
10/20/2025,2.26,2025
10/21/2025,2.28,2025
10/22/2025,2.29,2025
10/23/2025,2.3,2025
10/24/2025,2.29,2025
10/27/2025,2.28,2025
10/28/2025,2.28,2025
10/29/2025,2.3,2025
10/30/2025,2.29,2025
10/31/2025,2.3,2025
11/3/2025,2.31,2025
11/4/2025,2.29,2025
11/5/2025,2.3,2025
11/6/2025,2.28,2025
11/7/2025,2.28,2025
11/10/2025,2.29,2025
11/12/2025,2.27,2025
11/13/2025,2.28,2025
11/14/2025,2.28,2025
11/17/2025,2.28,2025
